run,experiment,ms
1,database,404.7451
2,database,404.4978
3,database,394.2578
4,database,396.9860
5,database,391.8986
6,database,657.5137
7,database,408.3776
8,database,672.1615
9,database,404.6898
10,database,419.6258
11,database,412.0898
12,database,408.9905
13,database,1409.1190
14,database,387.9503
15,database,432.1072
16,database,645.9488
17,database,422.3373
18,database,400.9147
19,database,398.1430
20,database,401.3939
21,database,393.9043
22,database,389.1453
23,database,404.2880
24,database,395.0403
25,database,1423.2818
26,database,646.3399
27,database,396.0635
28,database,419.8493
29,database,416.6146
30,database,388.0902
1,redis,1.0979
2,redis,0.9632
3,redis,0.9539
4,redis,1.0526
5,redis,1.1176
6,redis,1.2315
7,redis,0.9055
8,redis,0.7808
9,redis,0.7329
10,redis,1.1300
11,redis,1.1465
12,redis,1.2047
13,redis,0.8224
14,redis,0.7375
15,redis,0.9038
16,redis,0.7436
17,redis,0.9297
18,redis,0.9816
19,redis,0.7438
20,redis,0.9380
21,redis,0.5296
22,redis,1.3448
23,redis,0.7872
24,redis,0.7755
25,redis,0.8467
26,redis,1.0286
27,redis,1.1866
28,redis,0.8117
29,redis,1.1428
30,redis,0.8387
1,database_warm,113.2830
2,database_warm,115.3982
3,database_warm,113.7015
4,database_warm,113.7721
5,database_warm,111.7982
6,database_warm,115.0779
7,database_warm,112.2443
8,database_warm,115.5630
9,database_warm,113.7562
10,database_warm,114.0647
11,database_warm,114.1497
12,database_warm,112.4962
13,database_warm,114.8416
14,database_warm,111.7397
15,database_warm,115.3487
16,database_warm,117.9352
17,database_warm,111.8027
18,database_warm,112.4497
19,database_warm,111.3985
20,database_warm,113.6176
21,database_warm,114.4312
22,database_warm,115.1787
23,database_warm,112.4274
24,database_warm,112.9582
25,database_warm,116.0591
26,database_warm,115.3935
27,database_warm,115.6736
28,database_warm,112.3183
29,database_warm,116.6986
30,database_warm,403.2449
